,model,MAE,RMSE
PM2.5,persistence,26.089398858367925,
PM10,persistence,34.7049319222927,
NO2,persistence,15.97894428379659,
O3,persistence,11.796356322960467,
CO,persistence,258.49799397162724,
SO2,persistence,7.48893883167067,
